Difficulty,Title,Frequency,Acceptance Rate,Link,Topics
MEDIUM,Convert an Array Into a 2D Array With Conditions,100.0,0.8662568867691802,https://leetcode.com/problems/convert-an-array-into-a-2d-array-with-conditions,"Array, Hash Table"
MEDIUM,Binary Tree Level Order Traversal,100.0,0.6982021623850819,https://leetcode.com/problems/binary-tree-level-order-traversal,"Tree, Breadth-First Search, Binary Tree"
MEDIUM,Simplify Path,100.0,0.46597006613490366,https://leetcode.com/problems/simplify-path,"String, Stack"
MEDIUM,3Sum,100.0,0.36423415321886415,https://leetcode.com/problems/3sum,"Array, Two Pointers, Sorting"
HARD,Sliding Window Maximum,100.0,0.4724681865024392,https://leetcode.com/problems/sliding-window-maximum,"Array, Queue, Sliding Window, Heap (Priority Queue), Monotonic Queue"
