Difficulty,Title,Frequency,Acceptance Rate,Link,Topics
MEDIUM,Unique Paths II,100.0,0.42759250543071176,https://leetcode.com/problems/unique-paths-ii,"Array, Dynamic Programming, Matrix"
EASY,Minimum Absolute Difference,100.0,0.7032801823721263,https://leetcode.com/problems/minimum-absolute-difference,"Array, Sorting"
MEDIUM,Daily Temperatures,89.2,0.6696878969927156,https://leetcode.com/problems/daily-temperatures,"Array, Stack, Monotonic Stack"
EASY,Best Time to Buy and Sell Stock,89.2,0.54769845918599,https://leetcode.com/problems/best-time-to-buy-and-sell-stock,"Array, Dynamic Programming"
