Difficulty,Title,Frequency,Acceptance Rate,Link,Topics
MEDIUM,Unique Paths II,100.0,0.42759250543071176,https://leetcode.com/problems/unique-paths-ii,"Array, Dynamic Programming, Matrix"
EASY,Minimum Absolute Difference,95.4,0.7032801823721263,https://leetcode.com/problems/minimum-absolute-difference,"Array, Sorting"
MEDIUM,Capacity To Ship Packages Within D Days,89.7,0.7138854391536156,https://leetcode.com/problems/capacity-to-ship-packages-within-d-days,"Array, Binary Search"
EASY,Best Time to Buy and Sell Stock,89.7,0.54769845918599,https://leetcode.com/problems/best-time-to-buy-and-sell-stock,"Array, Dynamic Programming"
MEDIUM,Daily Temperatures,89.7,0.6696880769329244,https://leetcode.com/problems/daily-temperatures,"Array, Stack, Monotonic Stack"
MEDIUM,3Sum,72.2,0.3642312021787483,https://leetcode.com/problems/3sum,"Array, Two Pointers, Sorting"
MEDIUM,Subarray Product Less Than K,72.2,0.5237852374403545,https://leetcode.com/problems/subarray-product-less-than-k,"Array, Binary Search, Sliding Window, Prefix Sum"
MEDIUM,Integer to Roman,72.2,0.6785824425620389,https://leetcode.com/problems/integer-to-roman,"Hash Table, Math, String"
