Difficulty,Title,Frequency,Acceptance Rate,Link,Topics
MEDIUM,4Sum,100.0,0.37601825595563015,https://leetcode.com/problems/4sum,"Array, Two Pointers, Sorting"
MEDIUM,Design Circular Queue,100.0,0.5236260468451651,https://leetcode.com/problems/design-circular-queue,"Array, Linked List, Design, Queue"
MEDIUM,3Sum,93.2,0.36423329845043406,https://leetcode.com/problems/3sum,"Array, Two Pointers, Sorting"
MEDIUM,Design a Stack With Increment Operation,93.2,0.8046685181714401,https://leetcode.com/problems/design-a-stack-with-increment-operation,"Array, Stack, Design"
