Difficulty,Title,Frequency,Acceptance Rate,Link,Topics
MEDIUM,Design Circular Queue,100.0,0.5236260468451651,https://leetcode.com/problems/design-circular-queue,"Array, Linked List, Design, Queue"
MEDIUM,Design a Stack With Increment Operation,87.7,0.8046685181714401,https://leetcode.com/problems/design-a-stack-with-increment-operation,"Array, Stack, Design"
MEDIUM,4Sum,83.1,0.37601825595563015,https://leetcode.com/problems/4sum,"Array, Two Pointers, Sorting"
MEDIUM,3Sum,77.1,0.36423329845043406,https://leetcode.com/problems/3sum,"Array, Two Pointers, Sorting"
MEDIUM,Number of Islands,77.1,0.615814600071146,https://leetcode.com/problems/number-of-islands,"Array, Depth-First Search, Breadth-First Search, Union Find, Matrix"
HARD,Reaching Points,68.6,0.33551289906629234,https://leetcode.com/problems/reaching-points,Math
