Difficulty,Title,Frequency,Acceptance Rate,Link,Topics
MEDIUM,House Robber,100.0,0.5198830342580593,https://leetcode.com/problems/house-robber,"Array, Dynamic Programming"
EASY,Lucky Numbers in a Matrix,78.7,0.7989664979051845,https://leetcode.com/problems/lucky-numbers-in-a-matrix,"Array, Matrix"
MEDIUM,Rotate Image,78.7,0.7717077385834604,https://leetcode.com/problems/rotate-image,"Array, Math, Matrix"
HARD,Max Points on a Line,78.7,0.2842575111223519,https://leetcode.com/problems/max-points-on-a-line,"Array, Hash Table, Math, Geometry"
