Difficulty,Title,Frequency,Acceptance Rate,Link,Topics
HARD,Sliding Window Maximum,100.0,0.472468309952783,https://leetcode.com/problems/sliding-window-maximum,"Array, Queue, Sliding Window, Heap (Priority Queue), Monotonic Queue"
HARD,Reverse Nodes in k-Group,100.0,0.6204637494253157,https://leetcode.com/problems/reverse-nodes-in-k-group,"Linked List, Recursion"
MEDIUM,Search in Rotated Sorted Array,100.0,0.4232407164633042,https://leetcode.com/problems/search-in-rotated-sorted-array,"Array, Binary Search"
EASY,Majority Element,100.0,0.654976249447111,https://leetcode.com/problems/majority-element,"Array, Hash Table, Divide and Conquer, Sorting, Counting"
MEDIUM,Koko Eating Bananas,100.0,0.48824123318169,https://leetcode.com/problems/koko-eating-bananas,"Array, Binary Search"
MEDIUM,Set Matrix Zeroes,100.0,0.5893222092436896,https://leetcode.com/problems/set-matrix-zeroes,"Array, Hash Table, Matrix"
HARD,Median of Two Sorted Arrays,100.0,0.429394401155668,https://leetcode.com/problems/median-of-two-sorted-arrays,"Array, Binary Search, Divide and Conquer"
