Difficulty,Title,Frequency,Acceptance Rate,Link,Topics
EASY,Two Sum,100.0,0.5507379893134878,https://leetcode.com/problems/two-sum,"Array, Hash Table"
MEDIUM,Longest Substring Without Repeating Characters,79.8,0.3632668695666276,https://leetcode.com/problems/longest-substring-without-repeating-characters,"Hash Table, String, Sliding Window"
EASY,Roman to Integer,78.9,0.6415381287729184,https://leetcode.com/problems/roman-to-integer,"Hash Table, Math, String"
EASY,Longest Common Prefix,77.0,0.4488791149040916,https://leetcode.com/problems/longest-common-prefix,"String, Trie"
HARD,Median of Two Sorted Arrays,75.9,0.42939363827074994,https://leetcode.com/problems/median-of-two-sorted-arrays,"Array, Binary Search, Divide and Conquer"
EASY,Merge Sorted Array,74.9,0.5225683816898407,https://leetcode.com/problems/merge-sorted-array,"Array, Two Pointers, Sorting"
EASY,Valid Parentheses,74.9,0.41845175803888085,https://leetcode.com/problems/valid-parentheses,"String, Stack"
MEDIUM,Add Two Numbers,70.7,0.454396553222087,https://leetcode.com/problems/add-two-numbers,"Linked List, Math, Recursion"
MEDIUM,3Sum,70.7,0.3642304811341831,https://leetcode.com/problems/3sum,"Array, Two Pointers, Sorting"
MEDIUM,Longest Palindromic Substring,70.2,0.3529835796249885,https://leetcode.com/problems/longest-palindromic-substring,"Two Pointers, String, Dynamic Programming"
EASY,Palindrome Number,70.2,0.5865359513308419,https://leetcode.com/problems/palindrome-number,Math
HARD,Trapping Rain Water,70.2,0.6428753017089767,https://leetcode.com/problems/trapping-rain-water,"Array, Two Pointers, Dynamic Programming, Stack, Monotonic Stack"
MEDIUM,Reverse Integer,69.7,0.2986431235283417,https://leetcode.com/problems/reverse-integer,Math
MEDIUM,Group Anagrams,69.2,0.7033700028669814,https://leetcode.com/problems/group-anagrams,"Array, Hash Table, String, Sorting"
MEDIUM,Merge Intervals,68.7,0.48806493100257387,https://leetcode.com/problems/merge-intervals,"Array, Sorting"
MEDIUM,Spiral Matrix,65.9,0.5293292273196886,https://leetcode.com/problems/spiral-matrix,"Array, Matrix, Simulation"
EASY,Remove Duplicates from Sorted Array,65.9,0.5945074842305015,https://leetcode.com/problems/remove-duplicates-from-sorted-array,"Array, Two Pointers"
EASY,Climbing Stairs,65.3,0.5334307666822796,https://leetcode.com/problems/climbing-stairs,"Math, Dynamic Programming, Memoization"
MEDIUM,Rotate Image,64.7,0.7717075756878434,https://leetcode.com/problems/rotate-image,"Array, Math, Matrix"
MEDIUM,Search in Rotated Sorted Array,64.0,0.4232398141864659,https://leetcode.com/problems/search-in-rotated-sorted-array,"Array, Binary Search"
MEDIUM,Valid Sudoku,63.3,0.6165261376179263,https://leetcode.com/problems/valid-sudoku,"Array, Hash Table, Matrix"
MEDIUM,Container With Most Water,61.9,0.5717349748819156,https://leetcode.com/problems/container-with-most-water,"Array, Two Pointers, Greedy"
MEDIUM,Maximum Subarray,61.2,0.5173370089406012,https://leetcode.com/problems/maximum-subarray,"Array, Divide and Conquer, Dynamic Programming"
EASY,Merge Two Sorted Lists,60.4,0.662895097396795,https://leetcode.com/problems/merge-two-sorted-lists,"Linked List, Recursion"
MEDIUM,Generate Parentheses,59.6,0.7652982888162224,https://leetcode.com/problems/generate-parentheses,"String, Dynamic Programming, Backtracking"
MEDIUM,Letter Combinations of a Phone Number,59.6,0.6308016839281684,https://leetcode.com/problems/letter-combinations-of-a-phone-number,"Hash Table, String, Backtracking"
EASY,Search Insert Position,59.6,0.4833838129454941,https://leetcode.com/problems/search-insert-position,"Array, Binary Search"
EASY,Remove Element,56.9,0.594380162102366,https://leetcode.com/problems/remove-element,"Array, Two Pointers"
EASY,Sqrt(x),56.9,0.40027070819167254,https://leetcode.com/problems/sqrtx,"Math, Binary Search"
HARD,Merge k Sorted Lists,55.9,0.5579528330363718,https://leetcode.com/problems/merge-k-sorted-lists,"Linked List, Divide and Conquer, Heap (Priority Queue), Merge Sort"
HARD,Largest Rectangle in Histogram,55.9,0.46599452979030864,https://leetcode.com/problems/largest-rectangle-in-histogram,"Array, Stack, Monotonic Stack"
EASY,Add Binary,54.9,0.5519212953877572,https://leetcode.com/problems/add-binary,"Math, String, Bit Manipulation, Simulation"
EASY,Find the Index of the First Occurrence in a String,52.6,0.44463584552574936,https://leetcode.com/problems/find-the-index-of-the-first-occurrence-in-a-string,"Two Pointers, String, String Matching"
MEDIUM,Next Permutation,52.6,0.423240509456743,https://leetcode.com/problems/next-permutation,"Array, Two Pointers"
MEDIUM,Sort Colors,52.6,0.6636207416579357,https://leetcode.com/problems/sort-colors,"Array, Two Pointers, Sorting"
MEDIUM,4Sum,51.4,0.37601615398210986,https://leetcode.com/problems/4sum,"Array, Two Pointers, Sorting"
MEDIUM,Jump Game,51.4,0.391136318997425,https://leetcode.com/problems/jump-game,"Array, Dynamic Programming, Greedy"
MEDIUM,"Pow(x, n)",51.4,0.3647741902866651,https://leetcode.com/problems/powx-n,"Math, Recursion"
MEDIUM,Remove Nth Node From End of List,51.4,0.4810542231663091,https://leetcode.com/problems/remove-nth-node-from-end-of-list,"Linked List, Two Pointers"
MEDIUM,Combination Sum,48.7,0.7393128715843367,https://leetcode.com/problems/combination-sum,"Array, Backtracking"
MEDIUM,Permutations,48.7,0.8013989296294045,https://leetcode.com/problems/permutations,"Array, Backtracking"
MEDIUM,Insert Interval,47.1,0.42944188605855393,https://leetcode.com/problems/insert-interval,Array
EASY,Plus One,47.1,0.4704642071937533,https://leetcode.com/problems/plus-one,"Array, Math"
HARD,First Missing Positive,47.1,0.4063430766564612,https://leetcode.com/problems/first-missing-positive,"Array, Hash Table"
MEDIUM,Validate Binary Search Tree,47.1,0.3398040793723859,https://leetcode.com/problems/validate-binary-search-tree,"Tree, Depth-First Search, Binary Search Tree, Binary Tree"
MEDIUM,Find First and Last Position of Element in Sorted Array,47.1,0.4614968420851848,https://leetcode.com/problems/find-first-and-last-position-of-element-in-sorted-array,"Array, Binary Search"
MEDIUM,Set Matrix Zeroes,47.1,0.5893209483631097,https://leetcode.com/problems/set-matrix-zeroes,"Array, Hash Table, Matrix"
EASY,Symmetric Tree,47.1,0.5863384455471767,https://leetcode.com/problems/symmetric-tree,"Tree, Depth-First Search, Breadth-First Search, Binary Tree"
HARD,Regular Expression Matching,45.5,0.2897188257598535,https://leetcode.com/problems/regular-expression-matching,"String, Dynamic Programming, Recursion"
MEDIUM,Reverse Linked List II,45.5,0.49101423264605804,https://leetcode.com/problems/reverse-linked-list-ii,Linked List
MEDIUM,String to Integer (atoi),45.5,0.18717137188755856,https://leetcode.com/problems/string-to-integer-atoi,String
EASY,Binary Tree Inorder Traversal,45.5,0.7800947825128907,https://leetcode.com/problems/binary-tree-inorder-traversal,"Stack, Tree, Depth-First Search, Binary Tree"
MEDIUM,Jump Game II,45.5,0.41138449359244716,https://leetcode.com/problems/jump-game-ii,"Array, Dynamic Programming, Greedy"
MEDIUM,Divide Two Integers,45.5,0.1814599294515576,https://leetcode.com/problems/divide-two-integers,"Math, Bit Manipulation"
MEDIUM,Interleaving String,43.7,0.41395356616036094,https://leetcode.com/problems/interleaving-string,"String, Dynamic Programming"
HARD,Wildcard Matching,43.7,0.2936448764073223,https://leetcode.com/problems/wildcard-matching,"String, Dynamic Programming, Greedy, Recursion"
MEDIUM,Count and Say,41.7,0.5789703915376176,https://leetcode.com/problems/count-and-say,String
EASY,Remove Duplicates from Sorted List,41.7,0.5435976097059995,https://leetcode.com/problems/remove-duplicates-from-sorted-list,Linked List
MEDIUM,Word Search,41.7,0.4462623818840988,https://leetcode.com/problems/word-search,"Array, String, Backtracking, Depth-First Search, Matrix"
MEDIUM,Subsets,41.7,0.8025894997461674,https://leetcode.com/problems/subsets,"Array, Backtracking, Bit Manipulation"
MEDIUM,Decode Ways,39.4,0.3610502087093256,https://leetcode.com/problems/decode-ways,"String, Dynamic Programming"
MEDIUM,Zigzag Conversion,39.4,0.5079123792658975,https://leetcode.com/problems/zigzag-conversion,String
MEDIUM,Binary Tree Level Order Traversal,39.4,0.6982012546707773,https://leetcode.com/problems/binary-tree-level-order-traversal,"Tree, Breadth-First Search, Binary Tree"
EASY,Maximum Depth of Binary Tree,39.4,0.7675472717493854,https://leetcode.com/problems/maximum-depth-of-binary-tree,"Tree, Depth-First Search, Breadth-First Search, Binary Tree"
MEDIUM,Swap Nodes in Pairs,39.4,0.6651424283411775,https://leetcode.com/problems/swap-nodes-in-pairs,"Linked List, Recursion"
HARD,N-Queens,39.4,0.7166912693579871,https://leetcode.com/problems/n-queens,"Array, Backtracking"
MEDIUM,Minimum Path Sum,39.4,0.6584779754270131,https://leetcode.com/problems/minimum-path-sum,"Array, Dynamic Programming, Matrix"
MEDIUM,Integer to Roman,36.9,0.6785814508062822,https://leetcode.com/problems/integer-to-roman,"Hash Table, Math, String"
HARD,Sudoku Solver,36.9,0.636724036210914,https://leetcode.com/problems/sudoku-solver,"Array, Hash Table, Backtracking, Matrix"
HARD,Reverse Nodes in k-Group,36.9,0.6204624534215137,https://leetcode.com/problems/reverse-nodes-in-k-group,"Linked List, Recursion"
MEDIUM,Search a 2D Matrix,36.9,0.5177720860586073,https://leetcode.com/problems/search-a-2d-matrix,"Array, Binary Search, Matrix"
HARD,Longest Valid Parentheses,36.9,0.35694464228573786,https://leetcode.com/problems/longest-valid-parentheses,"String, Dynamic Programming, Stack"
MEDIUM,Simplify Path,36.9,0.4659590867505188,https://leetcode.com/problems/simplify-path,"String, Stack"
MEDIUM,Rotate List,36.9,0.39402541769303256,https://leetcode.com/problems/rotate-list,"Linked List, Two Pointers"
MEDIUM,Partition List,34.0,0.5832741355938129,https://leetcode.com/problems/partition-list,"Linked List, Two Pointers"
MEDIUM,Multiply Strings,34.0,0.4183026038253261,https://leetcode.com/problems/multiply-strings,"Math, String, Simulation"
MEDIUM,Remove Duplicates from Sorted Array II,34.0,0.6215201106403074,https://leetcode.com/problems/remove-duplicates-from-sorted-array-ii,"Array, Two Pointers"
MEDIUM,Search in Rotated Sorted Array II,34.0,0.3858970645425734,https://leetcode.com/problems/search-in-rotated-sorted-array-ii,"Array, Binary Search"
MEDIUM,Combinations,34.0,0.7228625269009074,https://leetcode.com/problems/combinations,Backtracking
MEDIUM,3Sum Closest,30.7,0.46598247796697967,https://leetcode.com/problems/3sum-closest,"Array, Two Pointers, Sorting"
MEDIUM,Unique Paths,30.7,0.6540334827489717,https://leetcode.com/problems/unique-paths,"Math, Dynamic Programming, Combinatorics"
MEDIUM,Unique Binary Search Trees II,30.7,0.5973929437759685,https://leetcode.com/problems/unique-binary-search-trees-ii,"Dynamic Programming, Backtracking, Tree, Binary Search Tree, Binary Tree"
HARD,Minimum Window Substring,30.7,0.44664959668017445,https://leetcode.com/problems/minimum-window-substring,"Hash Table, String, Sliding Window"
EASY,Length of Last Word,30.7,0.554460250999444,https://leetcode.com/problems/length-of-last-word,String
MEDIUM,Edit Distance,30.7,0.5818999026876489,https://leetcode.com/problems/edit-distance,"String, Dynamic Programming"
EASY,Convert Sorted Array to Binary Search Tree,30.7,0.7354587855604408,https://leetcode.com/problems/convert-sorted-array-to-binary-search-tree,"Array, Divide and Conquer, Tree, Binary Search Tree, Binary Tree"
HARD,Text Justification,26.6,0.47093296579330096,https://leetcode.com/problems/text-justification,"Array, String, Simulation"
HARD,Maximal Rectangle,26.6,0.5288771389006409,https://leetcode.com/problems/maximal-rectangle,"Array, Dynamic Programming, Stack, Matrix, Monotonic Stack"
MEDIUM,Remove Duplicates from Sorted List II,26.6,0.492636696849424,https://leetcode.com/problems/remove-duplicates-from-sorted-list-ii,"Linked List, Two Pointers"
MEDIUM,Restore IP Addresses,21.5,0.5238319309402614,https://leetcode.com/problems/restore-ip-addresses,"String, Backtracking"
MEDIUM,Unique Binary Search Trees,21.5,0.62136879296033,https://leetcode.com/problems/unique-binary-search-trees,"Math, Dynamic Programming, Tree, Binary Search Tree, Binary Tree"
MEDIUM,Recover Binary Search Tree,21.5,0.555123722617262,https://leetcode.com/problems/recover-binary-search-tree,"Tree, Depth-First Search, Binary Search Tree, Binary Tree"
EASY,Same Tree,21.5,0.644381734421976,https://leetcode.com/problems/same-tree,"Tree, Depth-First Search, Breadth-First Search, Binary Tree"
HARD,Valid Number,21.5,0.2110761208014496,https://leetcode.com/problems/valid-number,String
HARD,Substring with Concatenation of All Words,21.5,0.32792399020428403,https://leetcode.com/problems/substring-with-concatenation-of-all-words,"Hash Table, String, Sliding Window"
MEDIUM,Construct Binary Tree from Preorder and Inorder Traversal,21.5,0.6613180852208892,https://leetcode.com/problems/construct-binary-tree-from-preorder-and-inorder-traversal,"Array, Hash Table, Divide and Conquer, Tree, Binary Tree"
MEDIUM,Gray Code,14.9,0.6116792783416997,https://leetcode.com/problems/gray-code,"Math, Backtracking, Bit Manipulation"
HARD,Permutation Sequence,14.9,0.49172109247041484,https://leetcode.com/problems/permutation-sequence,"Math, Recursion"
MEDIUM,Combination Sum II,14.9,0.5721007800388274,https://leetcode.com/problems/combination-sum-ii,"Array, Backtracking"
HARD,Scramble String,14.9,0.41672448567970954,https://leetcode.com/problems/scramble-string,"String, Dynamic Programming"
