Difficulty,Title,Frequency,Acceptance Rate,Link,Topics
HARD,Binary Tree Cameras,100.0,0.4702247866330087,https://leetcode.com/problems/binary-tree-cameras,"Dynamic Programming, Tree, Depth-First Search, Binary Tree"
MEDIUM,Largest Number,100.0,0.40860740914695,https://leetcode.com/problems/largest-number,"Array, String, Greedy, Sorting"
MEDIUM,Keys and Rooms,100.0,0.7424746083220226,https://leetcode.com/problems/keys-and-rooms,"Depth-First Search, Breadth-First Search, Graph"
MEDIUM,Decode Ways,100.0,0.36105204072134456,https://leetcode.com/problems/decode-ways,"String, Dynamic Programming"
MEDIUM,01 Matrix,100.0,0.5068475239858733,https://leetcode.com/problems/01-matrix,"Array, Dynamic Programming, Breadth-First Search, Matrix"
MEDIUM,Course Schedule,100.0,0.48477359057986985,https://leetcode.com/problems/course-schedule,"Depth-First Search, Breadth-First Search, Graph, Topological Sort"
HARD,Collect Coins in a Tree,89.4,0.3630134192601052,https://leetcode.com/problems/collect-coins-in-a-tree,"Array, Tree, Graph, Topological Sort"
