Difficulty,Title,Frequency,Acceptance Rate,Link,Topics
EASY,Final Prices With a Special Discount in a Shop,100.0,0.8316997970937711,https://leetcode.com/problems/final-prices-with-a-special-discount-in-a-shop,"Array, Stack, Monotonic Stack"
MEDIUM,Furthest Building You Can Reach,72.9,0.5014003019817295,https://leetcode.com/problems/furthest-building-you-can-reach,"Array, Greedy, Heap (Priority Queue)"
MEDIUM,3Sum,72.9,0.3642335442206031,https://leetcode.com/problems/3sum,"Array, Two Pointers, Sorting"
HARD,Minimum Number of Increments on Subarrays to Form a Target Array,72.9,0.7209519022105612,https://leetcode.com/problems/minimum-number-of-increments-on-subarrays-to-form-a-target-array,"Array, Dynamic Programming, Stack, Greedy, Monotonic Stack"
MEDIUM,Minimum Falling Path Sum,63.8,0.6200937741112232,https://leetcode.com/problems/minimum-falling-path-sum,"Array, Dynamic Programming, Matrix"
HARD,Shortest Common Supersequence ,63.8,0.6131559633027522,https://leetcode.com/problems/shortest-common-supersequence,"String, Dynamic Programming"
MEDIUM,Gas Station,63.8,0.45978027045348424,https://leetcode.com/problems/gas-station,"Array, Greedy"
EASY,Best Time to Buy and Sell Stock,63.8,0.5477004151459367,https://leetcode.com/problems/best-time-to-buy-and-sell-stock,"Array, Dynamic Programming"
MEDIUM,Number of Ways to Select Buildings,63.8,0.5070780568576693,https://leetcode.com/problems/number-of-ways-to-select-buildings,"String, Dynamic Programming, Prefix Sum"
