Difficulty,Title,Frequency,Acceptance Rate,Link,Topics
MEDIUM,Smallest Subsequence of Distinct Characters,100.0,0.6171430805928128,https://leetcode.com/problems/smallest-subsequence-of-distinct-characters,"String, Stack, Greedy, Monotonic Stack"
MEDIUM,Remove All Adjacent Duplicates in String II,100.0,0.591019568069649,https://leetcode.com/problems/remove-all-adjacent-duplicates-in-string-ii,"String, Stack"
MEDIUM,Remove Duplicate Letters,100.0,0.5084029571813334,https://leetcode.com/problems/remove-duplicate-letters,"String, Stack, Greedy, Monotonic Stack"
EASY,Happy Number,63.5,0.5756161696821053,https://leetcode.com/problems/happy-number,"Hash Table, Math, Two Pointers"
MEDIUM,Increasing Triplet Subsequence,63.5,0.3917255145344448,https://leetcode.com/problems/increasing-triplet-subsequence,"Array, Greedy"
