Difficulty,Title,Frequency,Acceptance Rate,Link,Topics
HARD,Find Median from Data Stream,100.0,0.5297420795761055,https://leetcode.com/problems/find-median-from-data-stream,"Two Pointers, Design, Sorting, Heap (Priority Queue), Data Stream"
MEDIUM,Merge Intervals,88.6,0.4880662106000825,https://leetcode.com/problems/merge-intervals,"Array, Sorting"
MEDIUM,Shortest Bridge,88.6,0.5834023760651863,https://leetcode.com/problems/shortest-bridge,"Array, Depth-First Search, Breadth-First Search, Matrix"
MEDIUM,Insert Delete GetRandom O(1),88.6,0.5490679311078451,https://leetcode.com/problems/insert-delete-getrandom-o1,"Array, Hash Table, Math, Design, Randomized"
MEDIUM,Longest Substring Without Repeating Characters,88.6,0.36326733039263104,https://leetcode.com/problems/longest-substring-without-repeating-characters,"Hash Table, String, Sliding Window"
