Difficulty,Title,Frequency,Acceptance Rate,Link,Topics
EASY,Two Sum,100.0,0.5507399605573831,https://leetcode.com/problems/two-sum,"Array, Hash Table"
MEDIUM,Remove Duplicates from Sorted Array II,100.0,0.6215273783939219,https://leetcode.com/problems/remove-duplicates-from-sorted-array-ii,"Array, Two Pointers"
MEDIUM,Replace the Substring for Balanced String,100.0,0.39167024817343155,https://leetcode.com/problems/replace-the-substring-for-balanced-string,"String, Sliding Window"
MEDIUM,Asteroid Collision,100.0,0.4510743443120267,https://leetcode.com/problems/asteroid-collision,"Array, Stack, Simulation"
