Difficulty,Title,Frequency,Acceptance Rate,Link,Topics
MEDIUM,Time Based Key-Value Store,100.0,0.4936177397267004,https://leetcode.com/problems/time-based-key-value-store,"Hash Table, String, Binary Search, Design"
MEDIUM,Online Election,94.5,0.524561957379637,https://leetcode.com/problems/online-election,"Array, Hash Table, Binary Search, Design"
MEDIUM,Rabbits in Forest,87.3,0.5268211843603107,https://leetcode.com/problems/rabbits-in-forest,"Array, Hash Table, Math, Greedy"
MEDIUM,Open the Lock,87.3,0.6057787019809565,https://leetcode.com/problems/open-the-lock,"Array, Hash Table, String, Breadth-First Search"
HARD,Longest Increasing Path in a Matrix,77.2,0.549112350713529,https://leetcode.com/problems/longest-increasing-path-in-a-matrix,"Array, Dynamic Programming, Depth-First Search, Breadth-First Search, Graph, Topological Sort, Memoization, Matrix"
MEDIUM,Bulls and Cows,77.2,0.5110193047446275,https://leetcode.com/problems/bulls-and-cows,"Hash Table, String, Counting"
EASY,Counter,77.2,0.8204849536508516,https://leetcode.com/problems/counter,
MEDIUM,House Robber,77.2,0.5198841048575099,https://leetcode.com/problems/house-robber,"Array, Dynamic Programming"
MEDIUM,Merge Intervals,77.2,0.4880675765678378,https://leetcode.com/problems/merge-intervals,"Array, Sorting"
