Difficulty,Title,Frequency,Acceptance Rate,Link,Topics
MEDIUM,Find Polygon With the Largest Perimeter,100.0,0.6571306838355386,https://leetcode.com/problems/find-polygon-with-the-largest-perimeter,"Array, Greedy, Sorting, Prefix Sum"
MEDIUM,XOR Queries of a Subarray,97.9,0.7846998226145145,https://leetcode.com/problems/xor-queries-of-a-subarray,"Array, Bit Manipulation, Prefix Sum"
MEDIUM,Longest Substring Without Repeating Characters,77.8,0.363269875908814,https://leetcode.com/problems/longest-substring-without-repeating-characters,"Hash Table, String, Sliding Window"
MEDIUM,Generate Parentheses,62.5,0.7653020640471783,https://leetcode.com/problems/generate-parentheses,"String, Dynamic Programming, Backtracking"
EASY,Best Time to Buy and Sell Stock,62.5,0.5477006519992555,https://leetcode.com/problems/best-time-to-buy-and-sell-stock,"Array, Dynamic Programming"
