Difficulty,Title,Frequency,Acceptance Rate,Link,Topics
EASY,Maximum Number of Pairs in Array,100.0,0.7549265085341845,https://leetcode.com/problems/maximum-number-of-pairs-in-array,"Array, Hash Table, Counting"
EASY,Two Sum,74.2,0.5507401143801224,https://leetcode.com/problems/two-sum,"Array, Hash Table"
MEDIUM,3Sum,74.2,0.3642336921257649,https://leetcode.com/problems/3sum,"Array, Two Pointers, Sorting"
MEDIUM,Longest Palindromic Substring,65.6,0.3529867182781461,https://leetcode.com/problems/longest-palindromic-substring,"Two Pointers, String, Dynamic Programming"
EASY,Valid Parentheses,65.6,0.41845312418206115,https://leetcode.com/problems/valid-parentheses,"String, Stack"
MEDIUM,Monthly Transactions I,65.6,0.5835676559220309,https://leetcode.com/problems/monthly-transactions-i,Database
MEDIUM,Design a Food Rating System,65.6,0.45232839755970444,https://leetcode.com/problems/design-a-food-rating-system,"Array, Hash Table, String, Design, Heap (Priority Queue), Ordered Set"
MEDIUM,Longest Substring Without Repeating Characters,65.6,0.3632699275991864,https://leetcode.com/problems/longest-substring-without-repeating-characters,"Hash Table, String, Sliding Window"
