Difficulty,Title,Frequency,Acceptance Rate,Link,Topics
MEDIUM,Walls and Gates,100.0,0.6257005727384676,https://leetcode.com/problems/walls-and-gates,"Array, Breadth-First Search, Matrix"
HARD,Binary Tree Maximum Path Sum,91.7,0.4090452885213874,https://leetcode.com/problems/binary-tree-maximum-path-sum,"Dynamic Programming, Tree, Depth-First Search, Binary Tree"
HARD,Longest Increasing Path in a Matrix,91.1,0.549107914113888,https://leetcode.com/problems/longest-increasing-path-in-a-matrix,"Array, Dynamic Programming, Depth-First Search, Breadth-First Search, Graph, Topological Sort, Memoization, Matrix"
HARD,Maximum Profit in Job Scheduling,81.8,0.5433501020011582,https://leetcode.com/problems/maximum-profit-in-job-scheduling,"Array, Binary Search, Dynamic Programming, Sorting"
MEDIUM,Search Suggestions System,80.7,0.6504550374996033,https://leetcode.com/problems/search-suggestions-system,"Array, String, Binary Search, Trie, Sorting, Heap (Priority Queue)"
MEDIUM,Koko Eating Bananas,76.9,0.4882386058875497,https://leetcode.com/problems/koko-eating-bananas,"Array, Binary Search"
MEDIUM,Find K Closest Elements,75.5,0.4834732150587973,https://leetcode.com/problems/find-k-closest-elements,"Array, Two Pointers, Binary Search, Sliding Window, Sorting, Heap (Priority Queue)"
MEDIUM,Minimum Number of Steps to Make Two Strings Anagram,72.3,0.8218317639298696,https://leetcode.com/problems/minimum-number-of-steps-to-make-two-strings-anagram,"Hash Table, String, Counting"
EASY,Check if One String Swap Can Make Strings Equal,70.4,0.4946871351172619,https://leetcode.com/problems/check-if-one-string-swap-can-make-strings-equal,"Hash Table, String, Counting"
EASY,Buddy Strings,70.4,0.3352873818383859,https://leetcode.com/problems/buddy-strings,"Hash Table, String"
MEDIUM,Most Profit Assigning Work,66.1,0.5586504324021025,https://leetcode.com/problems/most-profit-assigning-work,"Array, Two Pointers, Binary Search, Greedy, Sorting"
HARD,Vertical Order Traversal of a Binary Tree,63.5,0.5037496864925847,https://leetcode.com/problems/vertical-order-traversal-of-a-binary-tree,"Hash Table, Tree, Depth-First Search, Breadth-First Search, Sorting, Binary Tree"
MEDIUM,Single-Threaded CPU,63.5,0.4609771502041369,https://leetcode.com/problems/single-threaded-cpu,"Array, Sorting, Heap (Priority Queue)"
MEDIUM,Next Greater Element III,63.5,0.3440673258961401,https://leetcode.com/problems/next-greater-element-iii,"Math, Two Pointers, String"
MEDIUM,01 Matrix,57.0,0.5068422605829691,https://leetcode.com/problems/01-matrix,"Array, Dynamic Programming, Breadth-First Search, Matrix"
EASY,Two Sum,57.0,0.5507380793674538,https://leetcode.com/problems/two-sum,"Array, Hash Table"
HARD,Word Search II,52.7,0.3701571260624688,https://leetcode.com/problems/word-search-ii,"Array, String, Backtracking, Trie, Matrix"
HARD,Minimize Malware Spread,52.7,0.42199240360003304,https://leetcode.com/problems/minimize-malware-spread,"Array, Hash Table, Depth-First Search, Breadth-First Search, Union Find, Graph"
MEDIUM,Count Nodes With the Highest Score,52.7,0.5089312087057909,https://leetcode.com/problems/count-nodes-with-the-highest-score,"Array, Tree, Depth-First Search, Binary Tree"
HARD,Shortest Distance from All Buildings,52.7,0.438444694779607,https://leetcode.com/problems/shortest-distance-from-all-buildings,"Array, Breadth-First Search, Matrix"
MEDIUM,Max Area of Island,52.7,0.7292312901550388,https://leetcode.com/problems/max-area-of-island,"Array, Depth-First Search, Breadth-First Search, Union Find, Matrix"
MEDIUM,Minimum Size Subarray Sum,52.7,0.4874478907823787,https://leetcode.com/problems/minimum-size-subarray-sum,"Array, Binary Search, Sliding Window, Prefix Sum"
HARD,Serialize and Deserialize Binary Tree,52.7,0.5835188850889353,https://leetcode.com/problems/serialize-and-deserialize-binary-tree,"String, Tree, Depth-First Search, Breadth-First Search, Design, Binary Tree"
MEDIUM,Ways to Make a Fair Array,47.1,0.6433348455358319,https://leetcode.com/problems/ways-to-make-a-fair-array,"Array, Prefix Sum"
HARD,Basic Calculator,47.1,0.4485617876136778,https://leetcode.com/problems/basic-calculator,"Math, String, Stack, Recursion"
MEDIUM,Longest Common Subsequence,47.1,0.5799222827401443,https://leetcode.com/problems/longest-common-subsequence,"String, Dynamic Programming"
MEDIUM,4Sum,47.1,0.37601615398210986,https://leetcode.com/problems/4sum,"Array, Two Pointers, Sorting"
HARD,Best Meeting Point,47.1,0.611861892238182,https://leetcode.com/problems/best-meeting-point,"Array, Math, Sorting, Matrix"
MEDIUM,Implement Trie (Prefix Tree),47.1,0.6744642579079345,https://leetcode.com/problems/implement-trie-prefix-tree,"Hash Table, String, Design, Trie"
MEDIUM,Design File System,47.1,0.6379296261673761,https://leetcode.com/problems/design-file-system,"Hash Table, String, Design, Trie"
EASY,Find Nearest Point That Has the Same X or Y Coordinate,47.1,0.6919485143858509,https://leetcode.com/problems/find-nearest-point-that-has-the-same-x-or-y-coordinate,Array
HARD,Making A Large Island,47.1,0.542550636867284,https://leetcode.com/problems/making-a-large-island,"Array, Depth-First Search, Breadth-First Search, Union Find, Matrix"
MEDIUM,Design Add and Search Words Data Structure,39.4,0.4669613927697641,https://leetcode.com/problems/design-add-and-search-words-data-structure,"String, Depth-First Search, Design, Trie"
MEDIUM,Course Schedule II,39.4,0.5263017950864868,https://leetcode.com/problems/course-schedule-ii,"Depth-First Search, Breadth-First Search, Graph, Topological Sort"
MEDIUM,Number of Islands,39.4,0.6158092098671876,https://leetcode.com/problems/number-of-islands,"Array, Depth-First Search, Breadth-First Search, Union Find, Matrix"
MEDIUM,Jump Game II,39.4,0.4113846738165773,https://leetcode.com/problems/jump-game-ii,"Array, Dynamic Programming, Greedy"
HARD,Largest Rectangle in Histogram,39.4,0.4659951973219007,https://leetcode.com/problems/largest-rectangle-in-histogram,"Array, Stack, Monotonic Stack"
MEDIUM,Next Permutation,39.4,0.42324033755035606,https://leetcode.com/problems/next-permutation,"Array, Two Pointers"
MEDIUM,Basic Calculator II,39.4,0.45257205041625026,https://leetcode.com/problems/basic-calculator-ii,"Math, String, Stack"
HARD,Sliding Window Median,39.4,0.38680790897053213,https://leetcode.com/problems/sliding-window-median,"Array, Hash Table, Sliding Window, Heap (Priority Queue)"
HARD,Basic Calculator III,39.4,0.519165283236524,https://leetcode.com/problems/basic-calculator-iii,"Math, String, Stack, Recursion"
