Difficulty,Title,Frequency,Acceptance Rate,Link,Topics
MEDIUM,Valid Parenthesis String,100.0,0.38624155467952126,https://leetcode.com/problems/valid-parenthesis-string,"String, Dynamic Programming, Stack, Greedy"
HARD,Find Median from Data Stream,100.0,0.5297353408323722,https://leetcode.com/problems/find-median-from-data-stream,"Two Pointers, Design, Sorting, Heap (Priority Queue), Data Stream"
EASY,Is Subsequence,100.0,0.48208959390053274,https://leetcode.com/problems/is-subsequence,"Two Pointers, String, Dynamic Programming"
EASY,Best Time to Buy and Sell Stock,100.0,0.5477006519992555,https://leetcode.com/problems/best-time-to-buy-and-sell-stock,"Array, Dynamic Programming"
EASY,Moving Average from Data Stream,100.0,0.7958751864529535,https://leetcode.com/problems/moving-average-from-data-stream,"Array, Design, Queue, Data Stream"
EASY,Roman to Integer,100.0,0.641543141732748,https://leetcode.com/problems/roman-to-integer,"Hash Table, Math, String"
