Difficulty,Title,Frequency,Acceptance Rate,Link,Topics
MEDIUM,Pairs of Songs With Total Durations Divisible by 60,100.0,0.531509138677034,https://leetcode.com/problems/pairs-of-songs-with-total-durations-divisible-by-60,"Array, Hash Table, Counting"
EASY,Check if Strings Can be Made Equal With Operations I,100.0,0.4758927637618677,https://leetcode.com/problems/check-if-strings-can-be-made-equal-with-operations-i,String
MEDIUM,Check if Strings Can be Made Equal With Operations II,100.0,0.5614292994629346,https://leetcode.com/problems/check-if-strings-can-be-made-equal-with-operations-ii,"Hash Table, String, Sorting"
HARD,Maximum Performance of a Team,100.0,0.4755852906107463,https://leetcode.com/problems/maximum-performance-of-a-team,"Array, Greedy, Sorting, Heap (Priority Queue)"
MEDIUM,Find All Groups of Farmland,100.0,0.7558881586326013,https://leetcode.com/problems/find-all-groups-of-farmland,"Array, Depth-First Search, Breadth-First Search, Matrix"
