Difficulty,Title,Frequency,Acceptance Rate,Link,Topics
MEDIUM,String Compression,100.0,0.572725840936697,https://leetcode.com/problems/string-compression,"Two Pointers, String"
MEDIUM,Number of Islands,87.0,0.6158107856674208,https://leetcode.com/problems/number-of-islands,"Array, Depth-First Search, Breadth-First Search, Union Find, Matrix"
MEDIUM,Merge Intervals,87.0,0.48806683005715196,https://leetcode.com/problems/merge-intervals,"Array, Sorting"
EASY,Best Time to Buy and Sell Stock,76.7,0.5476983349657198,https://leetcode.com/problems/best-time-to-buy-and-sell-stock,"Array, Dynamic Programming"
EASY,Move Zeroes,76.7,0.6254455983119035,https://leetcode.com/problems/move-zeroes,"Array, Two Pointers"
MEDIUM,Time Based Key-Value Store,76.7,0.49362359417560553,https://leetcode.com/problems/time-based-key-value-store,"Hash Table, String, Binary Search, Design"
MEDIUM,Spiral Matrix,76.7,0.5293302624373049,https://leetcode.com/problems/spiral-matrix,"Array, Matrix, Simulation"
MEDIUM,Encode and Decode Strings,76.7,0.4895223222708861,https://leetcode.com/problems/encode-and-decode-strings,"Array, String, Design"
HARD,Trapping Rain Water,76.7,0.6428748683711646,https://leetcode.com/problems/trapping-rain-water,"Array, Two Pointers, Dynamic Programming, Stack, Monotonic Stack"
