Difficulty,Title,Frequency,Acceptance Rate,Link,Topics
EASY,Best Time to Buy and Sell Stock,100.0,0.5477004803292748,https://leetcode.com/problems/best-time-to-buy-and-sell-stock,"Array, Dynamic Programming"
MEDIUM,Maximum Subarray,77.8,0.5173398082795865,https://leetcode.com/problems/maximum-subarray,"Array, Divide and Conquer, Dynamic Programming"
MEDIUM,Unique Paths II,77.8,0.42759183954451463,https://leetcode.com/problems/unique-paths-ii,"Array, Dynamic Programming, Matrix"
EASY,Merge Sorted Array,77.8,0.5225725226649844,https://leetcode.com/problems/merge-sorted-array,"Array, Two Pointers, Sorting"
EASY,Two Sum,77.8,0.5507399508280467,https://leetcode.com/problems/two-sum,"Array, Hash Table"
EASY,The Number of Rich Customers,77.8,0.7753969659406175,https://leetcode.com/problems/the-number-of-rich-customers,Database
HARD,First Missing Positive,77.8,0.4063457550985866,https://leetcode.com/problems/first-missing-positive,"Array, Hash Table"
MEDIUM,Group Anagrams,77.8,0.7033741351615199,https://leetcode.com/problems/group-anagrams,"Array, Hash Table, String, Sorting"
