Difficulty,Title,Frequency,Acceptance Rate,Link,Topics
MEDIUM,Word Break,100.0,0.4787552033641838,https://leetcode.com/problems/word-break,"Array, Hash Table, String, Dynamic Programming, Trie, Memoization"
MEDIUM,LRU Cache,100.0,0.44431311042924754,https://leetcode.com/problems/lru-cache,"Hash Table, Linked List, Design, Doubly-Linked List"
MEDIUM,Gas Station,100.0,0.459779630878383,https://leetcode.com/problems/gas-station,"Array, Greedy"
MEDIUM,Minimum Moves to Make Array Complementary,100.0,0.4107219722167873,https://leetcode.com/problems/minimum-moves-to-make-array-complementary,"Array, Hash Table, Prefix Sum"
