Difficulty,Title,Frequency,Acceptance Rate,Link,Topics
EASY,Two Sum,100.0,0.550737932355694,https://leetcode.com/problems/two-sum,"Array, Hash Table"
MEDIUM,Longest Substring Without Repeating Characters,83.9,0.36326687418995746,https://leetcode.com/problems/longest-substring-without-repeating-characters,"Hash Table, String, Sliding Window"
MEDIUM,Add Two Numbers,82.1,0.4543965080767522,https://leetcode.com/problems/add-two-numbers,"Linked List, Math, Recursion"
EASY,Valid Parentheses,81.1,0.4184517037459166,https://leetcode.com/problems/valid-parentheses,"String, Stack"
MEDIUM,Merge Intervals,80.8,0.4880648475123527,https://leetcode.com/problems/merge-intervals,"Array, Sorting"
MEDIUM,3Sum,79.8,0.36423054094505586,https://leetcode.com/problems/3sum,"Array, Two Pointers, Sorting"
MEDIUM,Longest Palindromic Substring,79.1,0.35298351728815647,https://leetcode.com/problems/longest-palindromic-substring,"Two Pointers, String, Dynamic Programming"
EASY,Merge Sorted Array,78.3,0.5225683816898407,https://leetcode.com/problems/merge-sorted-array,"Array, Two Pointers, Sorting"
HARD,Median of Two Sorted Arrays,77.2,0.42939363827074994,https://leetcode.com/problems/median-of-two-sorted-arrays,"Array, Binary Search, Divide and Conquer"
MEDIUM,Maximum Subarray,75.9,0.5173369560272215,https://leetcode.com/problems/maximum-subarray,"Array, Divide and Conquer, Dynamic Programming"
HARD,Trapping Rain Water,75.5,0.6428753017089767,https://leetcode.com/problems/trapping-rain-water,"Array, Two Pointers, Dynamic Programming, Stack, Monotonic Stack"
EASY,Palindrome Number,75.5,0.586536066071973,https://leetcode.com/problems/palindrome-number,Math
EASY,Remove Duplicates from Sorted Array,75.1,0.5945074427312362,https://leetcode.com/problems/remove-duplicates-from-sorted-array,"Array, Two Pointers"
EASY,Longest Common Prefix,73.7,0.4488789987569076,https://leetcode.com/problems/longest-common-prefix,"String, Trie"
EASY,Roman to Integer,73.7,0.6415381287729184,https://leetcode.com/problems/roman-to-integer,"Hash Table, Math, String"
EASY,Merge Two Sorted Lists,71.2,0.6628951851492473,https://leetcode.com/problems/merge-two-sorted-lists,"Linked List, Recursion"
MEDIUM,Reverse Integer,70.6,0.2986431235283417,https://leetcode.com/problems/reverse-integer,Math
MEDIUM,Container With Most Water,70.6,0.5717349107192083,https://leetcode.com/problems/container-with-most-water,"Array, Two Pointers, Greedy"
MEDIUM,Word Search,67.0,0.4462624819827438,https://leetcode.com/problems/word-search,"Array, String, Backtracking, Depth-First Search, Matrix"
EASY,Climbing Stairs,66.4,0.5334306421245619,https://leetcode.com/problems/climbing-stairs,"Math, Dynamic Programming, Memoization"
EASY,Remove Element,66.4,0.594380162102366,https://leetcode.com/problems/remove-element,"Array, Two Pointers"
MEDIUM,Generate Parentheses,65.7,0.7652982888162224,https://leetcode.com/problems/generate-parentheses,"String, Dynamic Programming, Backtracking"
MEDIUM,Next Permutation,65.7,0.423240509456743,https://leetcode.com/problems/next-permutation,"Array, Two Pointers"
MEDIUM,Group Anagrams,65.0,0.7033700829574029,https://leetcode.com/problems/group-anagrams,"Array, Hash Table, String, Sorting"
MEDIUM,Search in Rotated Sorted Array,65.0,0.4232397421055795,https://leetcode.com/problems/search-in-rotated-sorted-array,"Array, Binary Search"
HARD,Merge k Sorted Lists,64.2,0.5579528330363718,https://leetcode.com/problems/merge-k-sorted-lists,"Linked List, Divide and Conquer, Heap (Priority Queue), Merge Sort"
MEDIUM,Rotate Image,63.5,0.7717075756878434,https://leetcode.com/problems/rotate-image,"Array, Math, Matrix"
MEDIUM,"Pow(x, n)",63.5,0.3647741902866651,https://leetcode.com/problems/powx-n,"Math, Recursion"
MEDIUM,Subsets,61.0,0.8025894997461674,https://leetcode.com/problems/subsets,"Array, Backtracking, Bit Manipulation"
MEDIUM,Validate Binary Search Tree,61.0,0.3398040793723859,https://leetcode.com/problems/validate-binary-search-tree,"Tree, Depth-First Search, Binary Search Tree, Binary Tree"
EASY,Find the Index of the First Occurrence in a String,60.1,0.44463590863311886,https://leetcode.com/problems/find-the-index-of-the-first-occurrence-in-a-string,"Two Pointers, String, String Matching"
MEDIUM,Set Matrix Zeroes,57.1,0.5893209483631097,https://leetcode.com/problems/set-matrix-zeroes,"Array, Hash Table, Matrix"
MEDIUM,Jump Game II,57.1,0.41138459817569833,https://leetcode.com/problems/jump-game-ii,"Array, Dynamic Programming, Greedy"
MEDIUM,Find First and Last Position of Element in Sorted Array,57.1,0.4614968279616237,https://leetcode.com/problems/find-first-and-last-position-of-element-in-sorted-array,"Array, Binary Search"
MEDIUM,Jump Game,57.1,0.39113622224358663,https://leetcode.com/problems/jump-game,"Array, Dynamic Programming, Greedy"
MEDIUM,Spiral Matrix,56.0,0.5293292273196886,https://leetcode.com/problems/spiral-matrix,"Array, Matrix, Simulation"
EASY,Sqrt(x),56.0,0.4002706097370584,https://leetcode.com/problems/sqrtx,"Math, Binary Search"
EASY,Search Insert Position,54.9,0.48338374370417647,https://leetcode.com/problems/search-insert-position,"Array, Binary Search"
MEDIUM,Swap Nodes in Pairs,53.6,0.6651424283411775,https://leetcode.com/problems/swap-nodes-in-pairs,"Linked List, Recursion"
MEDIUM,Letter Combinations of a Phone Number,53.6,0.6308015880395255,https://leetcode.com/problems/letter-combinations-of-a-phone-number,"Hash Table, String, Backtracking"
HARD,Regular Expression Matching,52.3,0.2897186408628305,https://leetcode.com/problems/regular-expression-matching,"String, Dynamic Programming, Recursion"
HARD,First Missing Positive,52.3,0.4063429051882922,https://leetcode.com/problems/first-missing-positive,"Array, Hash Table"
MEDIUM,Permutations,52.3,0.8013988654300767,https://leetcode.com/problems/permutations,"Array, Backtracking"
MEDIUM,Combination Sum II,52.3,0.5721007800388274,https://leetcode.com/problems/combination-sum-ii,"Array, Backtracking"
MEDIUM,Unique Paths,50.9,0.6540334827489717,https://leetcode.com/problems/unique-paths,"Math, Dynamic Programming, Combinatorics"
MEDIUM,Search a 2D Matrix,50.9,0.517771973601362,https://leetcode.com/problems/search-a-2d-matrix,"Array, Binary Search, Matrix"
MEDIUM,Sort Colors,50.9,0.6636207416579357,https://leetcode.com/problems/sort-colors,"Array, Two Pointers, Sorting"
HARD,Reverse Nodes in k-Group,50.9,0.6204624534215137,https://leetcode.com/problems/reverse-nodes-in-k-group,"Linked List, Recursion"
HARD,Largest Rectangle in Histogram,49.5,0.46599452979030864,https://leetcode.com/problems/largest-rectangle-in-histogram,"Array, Stack, Monotonic Stack"
EASY,Plus One,47.8,0.4704642768654491,https://leetcode.com/problems/plus-one,"Array, Math"
MEDIUM,Subsets II,47.8,0.5890592778362556,https://leetcode.com/problems/subsets-ii,"Array, Backtracking, Bit Manipulation"
MEDIUM,Zigzag Conversion,47.8,0.5079123792658975,https://leetcode.com/problems/zigzag-conversion,String
MEDIUM,4Sum,47.8,0.37601615398210986,https://leetcode.com/problems/4sum,"Array, Two Pointers, Sorting"
EASY,Maximum Depth of Binary Tree,46.1,0.7675472246068681,https://leetcode.com/problems/maximum-depth-of-binary-tree,"Tree, Depth-First Search, Breadth-First Search, Binary Tree"
MEDIUM,Remove Duplicates from Sorted Array II,46.1,0.6215199469632068,https://leetcode.com/problems/remove-duplicates-from-sorted-array-ii,"Array, Two Pointers"
EASY,Remove Duplicates from Sorted List,46.1,0.5435976097059995,https://leetcode.com/problems/remove-duplicates-from-sorted-list,Linked List
MEDIUM,Construct Binary Tree from Preorder and Inorder Traversal,46.1,0.6613180852208892,https://leetcode.com/problems/construct-binary-tree-from-preorder-and-inorder-traversal,"Array, Hash Table, Divide and Conquer, Tree, Binary Tree"
EASY,Add Binary,46.1,0.5519212953877572,https://leetcode.com/problems/add-binary,"Math, String, Bit Manipulation, Simulation"
MEDIUM,3Sum Closest,44.2,0.46598247796697967,https://leetcode.com/problems/3sum-closest,"Array, Two Pointers, Sorting"
MEDIUM,String to Integer (atoi),44.2,0.18717137188755856,https://leetcode.com/problems/string-to-integer-atoi,String
MEDIUM,Binary Tree Level Order Traversal,44.2,0.6982012546707773,https://leetcode.com/problems/binary-tree-level-order-traversal,"Tree, Breadth-First Search, Binary Tree"
MEDIUM,Rotate List,44.2,0.39402541769303256,https://leetcode.com/problems/rotate-list,"Linked List, Two Pointers"
MEDIUM,Valid Sudoku,42.1,0.6165261376179263,https://leetcode.com/problems/valid-sudoku,"Array, Hash Table, Matrix"
HARD,Sudoku Solver,42.1,0.6367237182219803,https://leetcode.com/problems/sudoku-solver,"Array, Hash Table, Backtracking, Matrix"
MEDIUM,Remove Duplicates from Sorted List II,42.1,0.492636696849424,https://leetcode.com/problems/remove-duplicates-from-sorted-list-ii,"Linked List, Two Pointers"
MEDIUM,Remove Nth Node From End of List,42.1,0.48105414743517527,https://leetcode.com/problems/remove-nth-node-from-end-of-list,"Linked List, Two Pointers"
EASY,Length of Last Word,42.1,0.554460250999444,https://leetcode.com/problems/length-of-last-word,String
MEDIUM,Combination Sum,42.1,0.7393128715843367,https://leetcode.com/problems/combination-sum,"Array, Backtracking"
MEDIUM,Reverse Linked List II,42.1,0.4910139919983585,https://leetcode.com/problems/reverse-linked-list-ii,Linked List
MEDIUM,Divide Two Integers,42.1,0.1814600031687094,https://leetcode.com/problems/divide-two-integers,"Math, Bit Manipulation"
MEDIUM,Binary Tree Zigzag Level Order Traversal,39.7,0.6100932081428964,https://leetcode.com/problems/binary-tree-zigzag-level-order-traversal,"Tree, Breadth-First Search, Binary Tree"
EASY,Same Tree,39.7,0.644381734421976,https://leetcode.com/problems/same-tree,"Tree, Depth-First Search, Breadth-First Search, Binary Tree"
HARD,Wildcard Matching,39.7,0.2936448764073223,https://leetcode.com/problems/wildcard-matching,"String, Dynamic Programming, Greedy, Recursion"
MEDIUM,Integer to Roman,39.7,0.6785814508062822,https://leetcode.com/problems/integer-to-roman,"Hash Table, Math, String"
MEDIUM,Partition List,37.1,0.5832741355938129,https://leetcode.com/problems/partition-list,"Linked List, Two Pointers"
MEDIUM,Search in Rotated Sorted Array II,37.1,0.3858970645425734,https://leetcode.com/problems/search-in-rotated-sorted-array-ii,"Array, Binary Search"
MEDIUM,Multiply Strings,37.1,0.4183026038253261,https://leetcode.com/problems/multiply-strings,"Math, String, Simulation"
HARD,Minimum Window Substring,37.1,0.44664959668017445,https://leetcode.com/problems/minimum-window-substring,"Hash Table, String, Sliding Window"
HARD,Longest Valid Parentheses,37.1,0.35694464228573786,https://leetcode.com/problems/longest-valid-parentheses,"String, Dynamic Programming, Stack"
MEDIUM,Insert Interval,37.1,0.42944188605855393,https://leetcode.com/problems/insert-interval,Array
MEDIUM,Unique Binary Search Trees,34.0,0.62136879296033,https://leetcode.com/problems/unique-binary-search-trees,"Math, Dynamic Programming, Tree, Binary Search Tree, Binary Tree"
MEDIUM,Permutations II,34.0,0.6099583136361683,https://leetcode.com/problems/permutations-ii,"Array, Backtracking, Sorting"
MEDIUM,Edit Distance,34.0,0.5818999026876489,https://leetcode.com/problems/edit-distance,"String, Dynamic Programming"
EASY,Binary Tree Inorder Traversal,30.5,0.7800949291145872,https://leetcode.com/problems/binary-tree-inorder-traversal,"Stack, Tree, Depth-First Search, Binary Tree"
EASY,Symmetric Tree,30.5,0.586338342188093,https://leetcode.com/problems/symmetric-tree,"Tree, Depth-First Search, Breadth-First Search, Binary Tree"
EASY,Convert Sorted Array to Binary Search Tree,30.5,0.7354586478998716,https://leetcode.com/problems/convert-sorted-array-to-binary-search-tree,"Array, Divide and Conquer, Tree, Binary Search Tree, Binary Tree"
MEDIUM,Decode Ways,30.5,0.3610500448626439,https://leetcode.com/problems/decode-ways,"String, Dynamic Programming"
HARD,Maximal Rectangle,30.5,0.5288771389006409,https://leetcode.com/problems/maximal-rectangle,"Array, Dynamic Programming, Stack, Matrix, Monotonic Stack"
MEDIUM,Minimum Path Sum,30.5,0.6584778180276342,https://leetcode.com/problems/minimum-path-sum,"Array, Dynamic Programming, Matrix"
MEDIUM,Unique Paths II,30.5,0.4275927170306605,https://leetcode.com/problems/unique-paths-ii,"Array, Dynamic Programming, Matrix"
MEDIUM,Combinations,26.2,0.7228625269009074,https://leetcode.com/problems/combinations,Backtracking
HARD,Text Justification,26.2,0.47093296579330096,https://leetcode.com/problems/text-justification,"Array, String, Simulation"
MEDIUM,Spiral Matrix II,26.2,0.7294074516081444,https://leetcode.com/problems/spiral-matrix-ii,"Array, Matrix, Simulation"
MEDIUM,Count and Say,26.2,0.5789703915376176,https://leetcode.com/problems/count-and-say,String
HARD,N-Queens,26.2,0.7166912693579871,https://leetcode.com/problems/n-queens,"Array, Backtracking"
HARD,N-Queens II,21.0,0.760118752770029,https://leetcode.com/problems/n-queens-ii,Backtracking
MEDIUM,Construct Binary Tree from Inorder and Postorder Traversal,21.0,0.6570289620942351,https://leetcode.com/problems/construct-binary-tree-from-inorder-and-postorder-traversal,"Array, Hash Table, Divide and Conquer, Tree, Binary Tree"
MEDIUM,Unique Binary Search Trees II,14.2,0.5973929437759685,https://leetcode.com/problems/unique-binary-search-trees-ii,"Dynamic Programming, Backtracking, Tree, Binary Search Tree, Binary Tree"
MEDIUM,Recover Binary Search Tree,14.2,0.555123722617262,https://leetcode.com/problems/recover-binary-search-tree,"Tree, Depth-First Search, Binary Search Tree, Binary Tree"
HARD,Substring with Concatenation of All Words,14.2,0.32792399020428403,https://leetcode.com/problems/substring-with-concatenation-of-all-words,"Hash Table, String, Sliding Window"
