Difficulty,Title,Frequency,Acceptance Rate,Link,Topics
EASY,Two Sum,100.0,0.550737932355694,https://leetcode.com/problems/two-sum,"Array, Hash Table"
MEDIUM,Merge Intervals,86.4,0.4880648475123527,https://leetcode.com/problems/merge-intervals,"Array, Sorting"
MEDIUM,Add Two Numbers,85.7,0.4543965080767522,https://leetcode.com/problems/add-two-numbers,"Linked List, Math, Recursion"
MEDIUM,Longest Substring Without Repeating Characters,84.8,0.36326687418995746,https://leetcode.com/problems/longest-substring-without-repeating-characters,"Hash Table, String, Sliding Window"
EASY,Valid Parentheses,83.8,0.4184517037459166,https://leetcode.com/problems/valid-parentheses,"String, Stack"
EASY,Merge Sorted Array,81.5,0.5225683816898407,https://leetcode.com/problems/merge-sorted-array,"Array, Two Pointers, Sorting"
MEDIUM,3Sum,79.9,0.36423054094505586,https://leetcode.com/problems/3sum,"Array, Two Pointers, Sorting"
MEDIUM,Longest Palindromic Substring,78.4,0.35298351728815647,https://leetcode.com/problems/longest-palindromic-substring,"Two Pointers, String, Dynamic Programming"
HARD,Trapping Rain Water,78.1,0.6428753017089767,https://leetcode.com/problems/trapping-rain-water,"Array, Two Pointers, Dynamic Programming, Stack, Monotonic Stack"
HARD,Median of Two Sorted Arrays,76.4,0.42939363827074994,https://leetcode.com/problems/median-of-two-sorted-arrays,"Array, Binary Search, Divide and Conquer"
EASY,Palindrome Number,75.5,0.586536066071973,https://leetcode.com/problems/palindrome-number,Math
MEDIUM,Maximum Subarray,75.5,0.5173369560272215,https://leetcode.com/problems/maximum-subarray,"Array, Divide and Conquer, Dynamic Programming"
EASY,Remove Duplicates from Sorted Array,74.9,0.5945074427312362,https://leetcode.com/problems/remove-duplicates-from-sorted-array,"Array, Two Pointers"
MEDIUM,Word Search,74.6,0.4462624819827438,https://leetcode.com/problems/word-search,"Array, String, Backtracking, Depth-First Search, Matrix"
EASY,Roman to Integer,74.3,0.6415381287729184,https://leetcode.com/problems/roman-to-integer,"Hash Table, Math, String"
MEDIUM,Container With Most Water,74.0,0.5717349748819156,https://leetcode.com/problems/container-with-most-water,"Array, Two Pointers, Greedy"
EASY,Longest Common Prefix,73.6,0.4488789987569076,https://leetcode.com/problems/longest-common-prefix,"String, Trie"
MEDIUM,Reverse Integer,73.3,0.2986431235283417,https://leetcode.com/problems/reverse-integer,Math
EASY,Merge Two Sorted Lists,70.8,0.6628951851492473,https://leetcode.com/problems/merge-two-sorted-lists,"Linked List, Recursion"
MEDIUM,Search in Rotated Sorted Array,70.4,0.4232397421055795,https://leetcode.com/problems/search-in-rotated-sorted-array,"Array, Binary Search"
MEDIUM,Validate Binary Search Tree,69.2,0.3398040793723859,https://leetcode.com/problems/validate-binary-search-tree,"Tree, Depth-First Search, Binary Search Tree, Binary Tree"
MEDIUM,Subsets,68.3,0.8025894997461674,https://leetcode.com/problems/subsets,"Array, Backtracking, Bit Manipulation"
MEDIUM,Group Anagrams,66.9,0.7033700829574029,https://leetcode.com/problems/group-anagrams,"Array, Hash Table, String, Sorting"
MEDIUM,"Pow(x, n)",66.5,0.3647741902866651,https://leetcode.com/problems/powx-n,"Math, Recursion"
MEDIUM,Generate Parentheses,65.0,0.7652982888162224,https://leetcode.com/problems/generate-parentheses,"String, Dynamic Programming, Backtracking"
MEDIUM,Next Permutation,64.4,0.423240509456743,https://leetcode.com/problems/next-permutation,"Array, Two Pointers"
EASY,Remove Element,63.9,0.594380162102366,https://leetcode.com/problems/remove-element,"Array, Two Pointers"
EASY,Climbing Stairs,63.9,0.5334306421245619,https://leetcode.com/problems/climbing-stairs,"Math, Dynamic Programming, Memoization"
MEDIUM,Rotate Image,63.4,0.7717075756878434,https://leetcode.com/problems/rotate-image,"Array, Math, Matrix"
EASY,Sqrt(x),60.3,0.4002706097370584,https://leetcode.com/problems/sqrtx,"Math, Binary Search"
HARD,Merge k Sorted Lists,60.3,0.5579528330363718,https://leetcode.com/problems/merge-k-sorted-lists,"Linked List, Divide and Conquer, Heap (Priority Queue), Merge Sort"
EASY,Find the Index of the First Occurrence in a String,60.3,0.44463590863311886,https://leetcode.com/problems/find-the-index-of-the-first-occurrence-in-a-string,"Two Pointers, String, String Matching"
MEDIUM,Binary Tree Level Order Traversal,59.7,0.6982012546707773,https://leetcode.com/problems/binary-tree-level-order-traversal,"Tree, Breadth-First Search, Binary Tree"
MEDIUM,Find First and Last Position of Element in Sorted Array,59.0,0.4614967433195087,https://leetcode.com/problems/find-first-and-last-position-of-element-in-sorted-array,"Array, Binary Search"
MEDIUM,Unique Paths,58.3,0.6540334827489717,https://leetcode.com/problems/unique-paths,"Math, Dynamic Programming, Combinatorics"
MEDIUM,Jump Game,58.3,0.39113622224358663,https://leetcode.com/problems/jump-game,"Array, Dynamic Programming, Greedy"
MEDIUM,Swap Nodes in Pairs,58.3,0.6651424283411775,https://leetcode.com/problems/swap-nodes-in-pairs,"Linked List, Recursion"
MEDIUM,Set Matrix Zeroes,55.9,0.5893209483631097,https://leetcode.com/problems/set-matrix-zeroes,"Array, Hash Table, Matrix"
MEDIUM,Spiral Matrix,55.9,0.5293292273196886,https://leetcode.com/problems/spiral-matrix,"Array, Matrix, Simulation"
MEDIUM,String to Integer (atoi),55.9,0.18717137188755856,https://leetcode.com/problems/string-to-integer-atoi,String
MEDIUM,Letter Combinations of a Phone Number,55.1,0.6308016839281684,https://leetcode.com/problems/letter-combinations-of-a-phone-number,"Hash Table, String, Backtracking"
MEDIUM,Jump Game II,55.1,0.41138459817569833,https://leetcode.com/problems/jump-game-ii,"Array, Dynamic Programming, Greedy"
MEDIUM,Sort Colors,54.2,0.6636207416579357,https://leetcode.com/problems/sort-colors,"Array, Two Pointers, Sorting"
MEDIUM,Permutations,54.2,0.8013988654300767,https://leetcode.com/problems/permutations,"Array, Backtracking"
MEDIUM,Binary Tree Zigzag Level Order Traversal,54.2,0.6100932081428964,https://leetcode.com/problems/binary-tree-zigzag-level-order-traversal,"Tree, Breadth-First Search, Binary Tree"
MEDIUM,Construct Binary Tree from Preorder and Inorder Traversal,54.2,0.6613180852208892,https://leetcode.com/problems/construct-binary-tree-from-preorder-and-inorder-traversal,"Array, Hash Table, Divide and Conquer, Tree, Binary Tree"
MEDIUM,Combination Sum,53.3,0.7393128715843367,https://leetcode.com/problems/combination-sum,"Array, Backtracking"
EASY,Search Insert Position,53.3,0.48338374370417647,https://leetcode.com/problems/search-insert-position,"Array, Binary Search"
EASY,Symmetric Tree,52.4,0.586338342188093,https://leetcode.com/problems/symmetric-tree,"Tree, Depth-First Search, Breadth-First Search, Binary Tree"
MEDIUM,3Sum Closest,52.4,0.46598247796697967,https://leetcode.com/problems/3sum-closest,"Array, Two Pointers, Sorting"
HARD,First Missing Positive,52.4,0.4063430766564612,https://leetcode.com/problems/first-missing-positive,"Array, Hash Table"
HARD,Reverse Nodes in k-Group,52.4,0.6204624534215137,https://leetcode.com/problems/reverse-nodes-in-k-group,"Linked List, Recursion"
HARD,Regular Expression Matching,52.4,0.2897186408628305,https://leetcode.com/problems/regular-expression-matching,"String, Dynamic Programming, Recursion"
MEDIUM,Search a 2D Matrix,51.4,0.517771973601362,https://leetcode.com/problems/search-a-2d-matrix,"Array, Binary Search, Matrix"
EASY,Same Tree,51.4,0.644381734421976,https://leetcode.com/problems/same-tree,"Tree, Depth-First Search, Breadth-First Search, Binary Tree"
MEDIUM,Combination Sum II,50.3,0.5721007800388274,https://leetcode.com/problems/combination-sum-ii,"Array, Backtracking"
EASY,Remove Duplicates from Sorted List,49.2,0.5435976097059995,https://leetcode.com/problems/remove-duplicates-from-sorted-list,Linked List
MEDIUM,4Sum,49.2,0.37601615398210986,https://leetcode.com/problems/4sum,"Array, Two Pointers, Sorting"
EASY,Add Binary,49.2,0.5519212953877572,https://leetcode.com/problems/add-binary,"Math, String, Bit Manipulation, Simulation"
HARD,Largest Rectangle in Histogram,49.2,0.46599452979030864,https://leetcode.com/problems/largest-rectangle-in-histogram,"Array, Stack, Monotonic Stack"
MEDIUM,Zigzag Conversion,48.0,0.5079123792658975,https://leetcode.com/problems/zigzag-conversion,String
MEDIUM,Subsets II,46.7,0.5890592778362556,https://leetcode.com/problems/subsets-ii,"Array, Backtracking, Bit Manipulation"
EASY,Plus One,46.7,0.4704642768654491,https://leetcode.com/problems/plus-one,"Array, Math"
MEDIUM,Unique Paths II,46.7,0.4275927170306605,https://leetcode.com/problems/unique-paths-ii,"Array, Dynamic Programming, Matrix"
MEDIUM,Rotate List,45.4,0.39402541769303256,https://leetcode.com/problems/rotate-list,"Linked List, Two Pointers"
MEDIUM,Remove Duplicates from Sorted Array II,45.4,0.6215199469632068,https://leetcode.com/problems/remove-duplicates-from-sorted-array-ii,"Array, Two Pointers"
MEDIUM,Valid Sudoku,45.4,0.6165261376179263,https://leetcode.com/problems/valid-sudoku,"Array, Hash Table, Matrix"
HARD,Sudoku Solver,43.9,0.6367237182219803,https://leetcode.com/problems/sudoku-solver,"Array, Hash Table, Backtracking, Matrix"
EASY,Maximum Depth of Binary Tree,43.9,0.7675472246068681,https://leetcode.com/problems/maximum-depth-of-binary-tree,"Tree, Depth-First Search, Breadth-First Search, Binary Tree"
MEDIUM,Integer to Roman,42.4,0.6785814508062822,https://leetcode.com/problems/integer-to-roman,"Hash Table, Math, String"
HARD,Wildcard Matching,42.4,0.2936448764073223,https://leetcode.com/problems/wildcard-matching,"String, Dynamic Programming, Greedy, Recursion"
EASY,Length of Last Word,42.4,0.554460250999444,https://leetcode.com/problems/length-of-last-word,String
MEDIUM,Divide Two Integers,40.7,0.1814600031687094,https://leetcode.com/problems/divide-two-integers,"Math, Bit Manipulation"
MEDIUM,Remove Nth Node From End of List,40.7,0.48105414743517527,https://leetcode.com/problems/remove-nth-node-from-end-of-list,"Linked List, Two Pointers"
MEDIUM,Simplify Path,38.9,0.4659590867505188,https://leetcode.com/problems/simplify-path,"String, Stack"
MEDIUM,Reverse Linked List II,38.9,0.4910139919983585,https://leetcode.com/problems/reverse-linked-list-ii,Linked List
MEDIUM,Insert Interval,38.9,0.42944188605855393,https://leetcode.com/problems/insert-interval,Array
MEDIUM,Remove Duplicates from Sorted List II,38.9,0.492636696849424,https://leetcode.com/problems/remove-duplicates-from-sorted-list-ii,"Linked List, Two Pointers"
MEDIUM,Multiply Strings,36.8,0.4183026038253261,https://leetcode.com/problems/multiply-strings,"Math, String, Simulation"
EASY,Binary Tree Inorder Traversal,34.6,0.7800949291145872,https://leetcode.com/problems/binary-tree-inorder-traversal,"Stack, Tree, Depth-First Search, Binary Tree"
HARD,Minimum Window Substring,34.6,0.44664959668017445,https://leetcode.com/problems/minimum-window-substring,"Hash Table, String, Sliding Window"
HARD,N-Queens,34.6,0.7166912693579871,https://leetcode.com/problems/n-queens,"Array, Backtracking"
MEDIUM,Search in Rotated Sorted Array II,34.6,0.3858970645425734,https://leetcode.com/problems/search-in-rotated-sorted-array-ii,"Array, Binary Search"
HARD,Longest Valid Parentheses,34.6,0.35694464228573786,https://leetcode.com/problems/longest-valid-parentheses,"String, Dynamic Programming, Stack"
HARD,Maximal Rectangle,32.0,0.5288771389006409,https://leetcode.com/problems/maximal-rectangle,"Array, Dynamic Programming, Stack, Matrix, Monotonic Stack"
MEDIUM,Partition List,32.0,0.5832741355938129,https://leetcode.com/problems/partition-list,"Linked List, Two Pointers"
MEDIUM,Minimum Path Sum,32.0,0.6584778180276342,https://leetcode.com/problems/minimum-path-sum,"Array, Dynamic Programming, Matrix"
HARD,Text Justification,32.0,0.47093296579330096,https://leetcode.com/problems/text-justification,"Array, String, Simulation"
MEDIUM,Unique Binary Search Trees,32.0,0.62136879296033,https://leetcode.com/problems/unique-binary-search-trees,"Math, Dynamic Programming, Tree, Binary Search Tree, Binary Tree"
MEDIUM,Edit Distance,32.0,0.5818999026876489,https://leetcode.com/problems/edit-distance,"String, Dynamic Programming"
MEDIUM,Permutations II,29.1,0.6099583136361683,https://leetcode.com/problems/permutations-ii,"Array, Backtracking, Sorting"
MEDIUM,Decode Ways,25.8,0.3610500448626439,https://leetcode.com/problems/decode-ways,"String, Dynamic Programming"
MEDIUM,Combinations,25.8,0.7228625269009074,https://leetcode.com/problems/combinations,Backtracking
MEDIUM,Count and Say,25.8,0.5789703915376176,https://leetcode.com/problems/count-and-say,String
MEDIUM,Gray Code,21.8,0.6116792783416997,https://leetcode.com/problems/gray-code,"Math, Backtracking, Bit Manipulation"
MEDIUM,Spiral Matrix II,21.8,0.7294074516081444,https://leetcode.com/problems/spiral-matrix-ii,"Array, Matrix, Simulation"
HARD,Substring with Concatenation of All Words,16.9,0.32792399020428403,https://leetcode.com/problems/substring-with-concatenation-of-all-words,"Hash Table, String, Sliding Window"
MEDIUM,Unique Binary Search Trees II,16.9,0.5973929437759685,https://leetcode.com/problems/unique-binary-search-trees-ii,"Dynamic Programming, Backtracking, Tree, Binary Search Tree, Binary Tree"
MEDIUM,Recover Binary Search Tree,16.9,0.555123722617262,https://leetcode.com/problems/recover-binary-search-tree,"Tree, Depth-First Search, Binary Search Tree, Binary Tree"
HARD,N-Queens II,16.9,0.760118752770029,https://leetcode.com/problems/n-queens-ii,Backtracking
