Difficulty,Title,Frequency,Acceptance Rate,Link,Topics
MEDIUM,Shopping Offers,100.0,0.5181849406556501,https://leetcode.com/problems/shopping-offers,"Array, Dynamic Programming, Backtracking, Bit Manipulation, Memoization, Bitmask"
MEDIUM,Find K Closest Elements,100.0,0.48347359407228685,https://leetcode.com/problems/find-k-closest-elements,"Array, Two Pointers, Binary Search, Sliding Window, Sorting, Heap (Priority Queue)"
HARD,Find Median from Data Stream,89.1,0.5297422453954074,https://leetcode.com/problems/find-median-from-data-stream,"Two Pointers, Design, Sorting, Heap (Priority Queue), Data Stream"
MEDIUM,Design Hit Counter,89.1,0.690145319433361,https://leetcode.com/problems/design-hit-counter,"Array, Binary Search, Design, Queue, Data Stream"
