Difficulty,Title,Frequency,Acceptance Rate,Link,Topics
EASY,Best Time to Buy and Sell Stock,100.0,0.5477005629364196,https://leetcode.com/problems/best-time-to-buy-and-sell-stock,"Array, Dynamic Programming"
MEDIUM,Find All Anagrams in a String,89.3,0.5182223310712557,https://leetcode.com/problems/find-all-anagrams-in-a-string,"Hash Table, String, Sliding Window"
EASY,Check if All Characters Have Equal Number of Occurrences,74.7,0.7857091475842225,https://leetcode.com/problems/check-if-all-characters-have-equal-number-of-occurrences,"Hash Table, String, Counting"
EASY,Two Sum,66.2,0.5507399810102971,https://leetcode.com/problems/two-sum,"Array, Hash Table"
EASY,Valid Parentheses,66.2,0.41845313403494017,https://leetcode.com/problems/valid-parentheses,"String, Stack"
EASY,Climbing Stairs,66.2,0.5334306572460821,https://leetcode.com/problems/climbing-stairs,"Math, Dynamic Programming, Memoization"
HARD,Best Time to Buy and Sell Stock III,66.2,0.5025498121460061,https://leetcode.com/problems/best-time-to-buy-and-sell-stock-iii,"Array, Dynamic Programming"
