Difficulty,Title,Frequency,Acceptance Rate,Link,Topics
EASY,Happy Number,100.0,0.5756158946149205,https://leetcode.com/problems/happy-number,"Hash Table, Math, Two Pointers"
MEDIUM,Maximum Subtree of the Same Color,97.9,0.5603864734299517,https://leetcode.com/problems/maximum-subtree-of-the-same-color,"Array, Dynamic Programming, Tree, Depth-First Search"
HARD,Find the Maximum Sum of Node Values,97.9,0.6567713995633384,https://leetcode.com/problems/find-the-maximum-sum-of-node-values,"Array, Dynamic Programming, Greedy, Bit Manipulation, Tree, Sorting"
MEDIUM,Maximum Profit From Trading Stocks,71.8,0.4634398712347666,https://leetcode.com/problems/maximum-profit-from-trading-stocks,"Array, Dynamic Programming"
EASY,Valid Parentheses,63.0,0.41845251800627814,https://leetcode.com/problems/valid-parentheses,"String, Stack"
