Difficulty,Title,Frequency,Acceptance Rate,Link,Topics
MEDIUM,Rotate Image,100.0,0.7717073703273204,https://leetcode.com/problems/rotate-image,"Array, Math, Matrix"
EASY,Number of 1 Bits,88.6,0.7377342819646373,https://leetcode.com/problems/number-of-1-bits,"Divide and Conquer, Bit Manipulation"
EASY,Climbing Stairs,88.6,0.5334307746316251,https://leetcode.com/problems/climbing-stairs,"Math, Dynamic Programming, Memoization"
EASY,Valid Parentheses,88.6,0.418452726884713,https://leetcode.com/problems/valid-parentheses,"String, Stack"
MEDIUM,Spiral Matrix,88.6,0.5293310731654117,https://leetcode.com/problems/spiral-matrix,"Array, Matrix, Simulation"
