Difficulty,Title,Frequency,Acceptance Rate,Link,Topics
EASY,Two Sum,100.0,0.5507387160295096,https://leetcode.com/problems/two-sum,"Array, Hash Table"
EASY,Remove Duplicates from Sorted Array,100.0,0.594508707700473,https://leetcode.com/problems/remove-duplicates-from-sorted-array,"Array, Two Pointers"
EASY,Best Time to Buy and Sell Stock,100.0,0.5476988174071833,https://leetcode.com/problems/best-time-to-buy-and-sell-stock,"Array, Dynamic Programming"
MEDIUM,Add Two Numbers II,100.0,0.6167287371990757,https://leetcode.com/problems/add-two-numbers-ii,"Linked List, Math, Stack"
HARD,Median of Two Sorted Arrays,100.0,0.4293944200542717,https://leetcode.com/problems/median-of-two-sorted-arrays,"Array, Binary Search, Divide and Conquer"
MEDIUM,Min Stack,100.0,0.5591524605917422,https://leetcode.com/problems/min-stack,"Stack, Design"
EASY,N-Repeated Element in Size 2N Array,100.0,0.7730544729502618,https://leetcode.com/problems/n-repeated-element-in-size-2n-array,"Array, Hash Table"
