Difficulty,Title,Frequency,Acceptance Rate,Link,Topics
EASY,N-Repeated Element in Size 2N Array,100.0,0.7730544729502618,https://leetcode.com/problems/n-repeated-element-in-size-2n-array,"Array, Hash Table"
EASY,Best Time to Buy and Sell Stock,79.2,0.5476988174071833,https://leetcode.com/problems/best-time-to-buy-and-sell-stock,"Array, Dynamic Programming"
EASY,Two Sum,63.4,0.5507387160295096,https://leetcode.com/problems/two-sum,"Array, Hash Table"
HARD,Median of Two Sorted Arrays,63.4,0.4293944200542717,https://leetcode.com/problems/median-of-two-sorted-arrays,"Array, Binary Search, Divide and Conquer"
EASY,Remove Duplicates from Sorted Array,63.4,0.5945087491991755,https://leetcode.com/problems/remove-duplicates-from-sorted-array,"Array, Two Pointers"
MEDIUM,Add Two Numbers II,63.4,0.6167287371990757,https://leetcode.com/problems/add-two-numbers-ii,"Linked List, Math, Stack"
MEDIUM,Min Stack,63.4,0.559152309445599,https://leetcode.com/problems/min-stack,"Stack, Design"
MEDIUM,Construct Binary Search Tree from Preorder Traversal,63.4,0.8305882670595905,https://leetcode.com/problems/construct-binary-search-tree-from-preorder-traversal,"Array, Stack, Tree, Binary Search Tree, Monotonic Stack, Binary Tree"
