Difficulty,Title,Frequency,Acceptance Rate,Link,Topics
MEDIUM,Letter Combinations of a Phone Number,100.0,0.6308039611222227,https://leetcode.com/problems/letter-combinations-of-a-phone-number,"Hash Table, String, Backtracking"
MEDIUM,Additive Number,94.6,0.32299927901946646,https://leetcode.com/problems/additive-number,"String, Backtracking"
MEDIUM,Spiral Matrix,94.6,0.5293306764008043,https://leetcode.com/problems/spiral-matrix,"Array, Matrix, Simulation"
EASY,Valid Parentheses,87.7,0.41845254695324746,https://leetcode.com/problems/valid-parentheses,"String, Stack"
MEDIUM,Angle Between Hands of a Clock,77.9,0.6414588374495076,https://leetcode.com/problems/angle-between-hands-of-a-clock,Math
EASY,Two Sum,77.9,0.5507387067956779,https://leetcode.com/problems/two-sum,"Array, Hash Table"
