Difficulty,Title,Frequency,Acceptance Rate,Link,Topics
MEDIUM,Insert Delete GetRandom O(1),100.0,0.5490687367275053,https://leetcode.com/problems/insert-delete-getrandom-o1,"Array, Hash Table, Math, Design, Randomized"
MEDIUM,Shortest Uncommon Substring in an Array,86.0,0.47286003185568304,https://leetcode.com/problems/shortest-uncommon-substring-in-an-array,"Array, Hash Table, String, Trie"
MEDIUM,Group Anagrams,67.5,0.7033701148221215,https://leetcode.com/problems/group-anagrams,"Array, Hash Table, String, Sorting"
HARD,Insert Delete GetRandom O(1) - Duplicates allowed,67.5,0.3580665492548521,https://leetcode.com/problems/insert-delete-getrandom-o1-duplicates-allowed,"Array, Hash Table, Math, Design, Randomized"
EASY,Valid Anagram,67.5,0.6615050901967335,https://leetcode.com/problems/valid-anagram,"Hash Table, String, Sorting"
