Difficulty,Title,Frequency,Acceptance Rate,Link,Topics
MEDIUM,Zigzag Conversion,100.0,0.50791580605358,https://leetcode.com/problems/zigzag-conversion,String
HARD,Trapping Rain Water,100.0,0.6428760114309252,https://leetcode.com/problems/trapping-rain-water,"Array, Two Pointers, Dynamic Programming, Stack, Monotonic Stack"
MEDIUM,LRU Cache,92.3,0.4443129612672474,https://leetcode.com/problems/lru-cache,"Hash Table, Linked List, Design, Doubly-Linked List"
EASY,Best Time to Buy and Sell Stock,92.3,0.5477011344154353,https://leetcode.com/problems/best-time-to-buy-and-sell-stock,"Array, Dynamic Programming"
MEDIUM,Minimum Time Difference,81.5,0.6227946233444279,https://leetcode.com/problems/minimum-time-difference,"Array, Math, String, Sorting"
